[
  {
    "path": "posts/april 2019 intro_statistiek/",
    "title": "Deel 2 Statistiek & Doelmatigheid",
    "description": "Grip krijgen op doelmatigheid met behulp van statistiek",
    "author": [
      {
        "name": "Maarten van Meeuwen",
        "url": {}
      }
    ],
    "date": "2019-05-07",
    "categories": [
      "Statistiek",
      "Doelmatigheid"
    ],
    "preview": "posts/april 2019 intro_statistiek/statistiek_files/figure-html5/unnamed-chunk-1-1.png",
    "last_modified": "2019-05-07T10:52:10+02:00",
    "preview_width": 1248,
    "preview_height": 768
  },
  {
    "path": "posts/voorbeeld/",
    "title": "Geografische verdeling kosten GGZ",
    "description": "VOORBEELD",
    "author": [
      {
        "name": "Maarten van Meeuwen",
        "url": {}
      }
    ],
    "date": "2019-05-02",
    "categories": [
      "Verdeling",
      "Doelmatigheid",
      "Geografie"
    ],
    "preview": "posts/voorbeeld/geografisch_files/figure-html5/unnamed-chunk-1-1.png",
    "last_modified": "2019-05-02T09:18:16+02:00",
    "preview_width": 1248,
    "preview_height": 768
  }
]
